"","Level","Slope","q025","q975"
"1",0.05,0.190807665416813,-0.152160164236122,0.540037171357209
"2",0.1,0.169666689408178,-0.0332194442121259,0.407943863848463
"3",0.2,0.123118805307509,-0.0165495730636563,0.365862774269758
"4",0.25,0.214717612311521,-0.00338329812919584,0.437522844515053
"5",0.3,0.244700962473635,0.044280736095157,0.44718335525187
"6",0.35,0.289652399409035,0.079296052094233,0.539379799730657
"7",0.4,0.339043071684264,0.109661958244787,0.655184500980587
"8",0.5,0.461047920265564,0.177210269762463,0.906170570172057
"9",0.6,0.512606217685364,0.176571468185573,0.943314355744633
"10",0.65,0.535826415600187,0.26301122244113,0.887441894040898
"11",0.7,0.573438263457873,0.317435549997309,0.919651271353189
"12",0.75,0.649322181061556,0.404115152470439,0.99235139219738
"13",0.8,0.808161278699714,0.547085535098208,1.17388039964105
"14",0.9,1.36804633822455,0.835608888831523,1.85084104385313
"15",0.95,1.83416777080827,1.24560631483034,2.45280171238996
